model,wall_time_s,total_steps,steps_per_second,episodes_logged,completed_or_terminated_episodes,interrupted_rows,mean_episode_steps,median_episode_steps,max_episode_steps,mean_episode_duration_s,max_episode_duration_s,mean_total_reward,max_total_reward,mean_avg_reward_per_step_episode_table,mean_step_reward,mean_abs_steering_step,steering_saturation_abs_gt_0_8_step,mean_throttle_raw_step,mean_throttle_clamped_step,mean_forward_speed_step,max_forward_speed_step
PPO prototype,600.0321,17559,29.263434406259265,17,16,1,1032.8823529411766,1084.0,1084,35.295012588235295,41.497396,509.38235294117646,534.5,0.493488,0.49316589783017256,0.6512107748732844,0.48459479469218064,,,,
SAC,600.017899,16297,27.160856413051768,13,12,1,1253.6153846153845,1500.0,1500,46.15420930769232,66.367953,3495.969865461539,4302.783222,2.7568696153846153,2.788710079892005,0.4057857708167147,0.11505185003374854,0.8001320266920292,0.8009754182364853,0.49301194931582504,0.790214
